request_id,source_location_id,destination_location_id,category,urgency,time_submitted,deadline,status
Q001,L007,L018,MEDICAL EMERGENCY,21,2026-08-10 07:12,2026-08-10 08:05,PENDING
Q002,L014,L031,MAINTENANCE SERVICE,38,2026-08-10 07:24,2026-08-10 08:40,ASSIGNED
Q003,L021,L044,SHUTTLE SERVICE,55,2026-08-10 07:36,2026-08-10 09:15,IN_PROGRESS
Q004,L028,L057,MEDICAL EMERGENCY,72,2026-08-10 07:48,2026-08-10 09:50,COMPLETED
Q005,L035,L005,MAINTENANCE SERVICE,89,2026-08-10 08:00,2026-08-10 10:25,PENDING
Q006,L042,L018,SHUTTLE SERVICE,16,2026-08-10 08:12,2026-08-10 11:00,ASSIGNED
Q007,L049,L031,MEDICAL EMERGENCY,33,2026-08-10 08:24,2026-08-10 11:35,IN_PROGRESS
Q008,L056,L044,MAINTENANCE SERVICE,50,2026-08-10 08:36,2026-08-10 12:10,COMPLETED
Q009,L063,L057,SHUTTLE SERVICE,67,2026-08-10 08:48,2026-08-10 12:45,PENDING
Q010,L005,L006,MEDICAL EMERGENCY,84,2026-08-10 09:00,2026-08-10 09:49,ASSIGNED
Q011,L012,L018,MAINTENANCE SERVICE,11,2026-08-10 09:12,2026-08-10 10:24,IN_PROGRESS
Q012,L019,L031,SHUTTLE SERVICE,28,2026-08-10 09:24,2026-08-10 10:59,COMPLETED
Q013,L026,L044,MEDICAL EMERGENCY,45,2026-08-10 09:36,2026-08-10 11:34,PENDING
Q014,L033,L057,MAINTENANCE SERVICE,62,2026-08-10 09:48,2026-08-10 12:09,ASSIGNED
Q015,L040,L005,SHUTTLE SERVICE,79,2026-08-10 10:00,2026-08-10 12:44,IN_PROGRESS
Q016,L047,L018,MEDICAL EMERGENCY,6,2026-08-10 10:12,2026-08-10 13:19,COMPLETED
Q017,L054,L031,MAINTENANCE SERVICE,23,2026-08-10 10:24,2026-08-10 13:54,PENDING
Q018,L061,L044,SHUTTLE SERVICE,40,2026-08-10 10:36,2026-08-10 14:29,ASSIGNED
Q019,L003,L057,MEDICAL EMERGENCY,57,2026-08-10 10:48,2026-08-10 11:33,IN_PROGRESS
Q020,L010,L005,MAINTENANCE SERVICE,74,2026-08-10 11:00,2026-08-10 12:08,COMPLETED
Q021,L017,L018,SHUTTLE SERVICE,91,2026-08-10 11:12,2026-08-10 12:43,PENDING
Q022,L024,L031,MEDICAL EMERGENCY,18,2026-08-10 11:24,2026-08-10 13:18,ASSIGNED
Q023,L031,L044,MAINTENANCE SERVICE,35,2026-08-10 11:36,2026-08-10 13:53,IN_PROGRESS
Q024,L038,L057,SHUTTLE SERVICE,52,2026-08-10 11:48,2026-08-10 14:28,COMPLETED
Q025,L045,L005,MEDICAL EMERGENCY,69,2026-08-10 12:00,2026-08-10 15:03,PENDING
Q026,L052,L018,MAINTENANCE SERVICE,86,2026-08-10 12:12,2026-08-10 15:38,ASSIGNED
Q027,L059,L031,SHUTTLE SERVICE,13,2026-08-10 12:24,2026-08-10 16:13,IN_PROGRESS
Q028,L001,L044,MEDICAL EMERGENCY,30,2026-08-10 12:36,2026-08-10 13:17,COMPLETED
Q029,L008,L057,MAINTENANCE SERVICE,47,2026-08-10 12:48,2026-08-10 13:52,PENDING
Q030,L015,L005,SHUTTLE SERVICE,64,2026-08-10 13:00,2026-08-10 14:27,ASSIGNED
Q031,L022,L018,MEDICAL EMERGENCY,81,2026-08-10 13:12,2026-08-10 15:02,IN_PROGRESS
Q032,L029,L031,MAINTENANCE SERVICE,8,2026-08-10 13:24,2026-08-10 15:37,COMPLETED
Q033,L036,L044,SHUTTLE SERVICE,25,2026-08-10 13:36,2026-08-10 16:12,PENDING
Q034,L043,L057,MEDICAL EMERGENCY,42,2026-08-10 13:48,2026-08-10 16:47,ASSIGNED
Q035,L050,L005,MAINTENANCE SERVICE,59,2026-08-10 14:00,2026-08-10 17:22,IN_PROGRESS
Q036,L057,L018,SHUTTLE SERVICE,76,2026-08-10 14:12,2026-08-10 17:57,COMPLETED
Q037,L064,L031,MEDICAL EMERGENCY,93,2026-08-10 14:24,2026-08-10 15:01,PENDING
Q038,L006,L044,MAINTENANCE SERVICE,20,2026-08-10 14:36,2026-08-10 15:36,ASSIGNED
Q039,L013,L057,SHUTTLE SERVICE,37,2026-08-10 14:48,2026-08-10 16:11,IN_PROGRESS
Q040,L020,L005,MEDICAL EMERGENCY,54,2026-08-10 15:00,2026-08-10 16:46,COMPLETED
Q041,L027,L018,MAINTENANCE SERVICE,71,2026-08-10 15:12,2026-08-10 17:21,PENDING
Q042,L034,L031,SHUTTLE SERVICE,88,2026-08-10 15:24,2026-08-10 17:56,ASSIGNED
Q043,L041,L044,MEDICAL EMERGENCY,15,2026-08-10 15:36,2026-08-10 18:31,IN_PROGRESS
Q044,L048,L057,MAINTENANCE SERVICE,32,2026-08-10 15:48,2026-08-10 19:06,COMPLETED
Q045,L055,L005,SHUTTLE SERVICE,49,2026-08-10 16:00,2026-08-10 19:41,PENDING
Q046,L062,L018,MEDICAL EMERGENCY,66,2026-08-10 16:12,2026-08-10 16:45,ASSIGNED
Q047,L004,L031,MAINTENANCE SERVICE,83,2026-08-10 16:24,2026-08-10 17:20,IN_PROGRESS
Q048,L011,L044,SHUTTLE SERVICE,10,2026-08-10 16:36,2026-08-10 17:55,COMPLETED
Q049,L018,L057,MEDICAL EMERGENCY,27,2026-08-10 16:48,2026-08-10 18:30,PENDING
Q050,L025,L005,MAINTENANCE SERVICE,44,2026-08-10 17:00,2026-08-10 19:05,ASSIGNED
Q051,L032,L018,SHUTTLE SERVICE,61,2026-08-10 17:12,2026-08-10 19:40,IN_PROGRESS
Q052,L039,L031,MEDICAL EMERGENCY,78,2026-08-10 17:24,2026-08-10 20:15,COMPLETED
Q053,L046,L044,MAINTENANCE SERVICE,5,2026-08-10 17:36,2026-08-10 20:50,PENDING
Q054,L053,L057,SHUTTLE SERVICE,22,2026-08-10 17:48,2026-08-10 21:25,ASSIGNED
Q055,L060,L005,MEDICAL EMERGENCY,39,2026-08-10 18:00,2026-08-10 22:00,IN_PROGRESS
Q056,L002,L018,MAINTENANCE SERVICE,56,2026-08-10 18:12,2026-08-10 19:04,COMPLETED
Q057,L009,L031,SHUTTLE SERVICE,73,2026-08-10 18:24,2026-08-10 19:39,PENDING
Q058,L016,L044,MEDICAL EMERGENCY,90,2026-08-10 18:36,2026-08-10 20:14,ASSIGNED
Q059,L023,L057,MAINTENANCE SERVICE,17,2026-08-10 18:48,2026-08-10 20:49,IN_PROGRESS
Q060,L030,L005,SHUTTLE SERVICE,34,2026-08-10 19:00,2026-08-10 21:24,COMPLETED
Q061,L037,L018,MEDICAL EMERGENCY,51,2026-08-10 19:12,2026-08-10 21:59,PENDING
Q062,L044,L031,MAINTENANCE SERVICE,68,2026-08-10 19:24,2026-08-10 22:34,ASSIGNED
Q063,L051,L044,SHUTTLE SERVICE,85,2026-08-10 19:36,2026-08-10 23:09,IN_PROGRESS
Q064,L058,L057,MEDICAL EMERGENCY,12,2026-08-10 19:48,2026-08-10 23:44,COMPLETED
Q065,L065,L005,MAINTENANCE SERVICE,29,2026-08-10 20:00,2026-08-10 20:48,PENDING
Q066,L007,L018,SHUTTLE SERVICE,46,2026-08-10 20:12,2026-08-10 21:23,ASSIGNED
Q067,L014,L031,MEDICAL EMERGENCY,63,2026-08-10 20:24,2026-08-10 21:58,IN_PROGRESS
Q068,L021,L044,MAINTENANCE SERVICE,80,2026-08-10 20:36,2026-08-10 22:33,COMPLETED
Q069,L028,L057,SHUTTLE SERVICE,7,2026-08-10 20:48,2026-08-10 23:08,PENDING
Q070,L035,L005,MEDICAL EMERGENCY,24,2026-08-10 21:00,2026-08-10 23:43,ASSIGNED
Q071,L042,L018,MAINTENANCE SERVICE,41,2026-08-10 21:12,2026-08-11 00:18,IN_PROGRESS
Q072,L049,L031,SHUTTLE SERVICE,58,2026-08-10 21:24,2026-08-11 00:53,COMPLETED
Q073,L056,L044,MEDICAL EMERGENCY,75,2026-08-10 21:36,2026-08-11 01:28,PENDING
Q074,L063,L057,MAINTENANCE SERVICE,92,2026-08-10 21:48,2026-08-10 22:32,ASSIGNED
Q075,L005,L006,SHUTTLE SERVICE,19,2026-08-10 22:00,2026-08-10 23:07,IN_PROGRESS
Q076,L012,L018,MEDICAL EMERGENCY,36,2026-08-10 22:12,2026-08-10 23:42,COMPLETED
Q077,L019,L031,MAINTENANCE SERVICE,53,2026-08-10 22:24,2026-08-11 00:17,PENDING
Q078,L026,L044,SHUTTLE SERVICE,70,2026-08-10 22:36,2026-08-11 00:52,ASSIGNED
Q079,L033,L057,MEDICAL EMERGENCY,87,2026-08-10 22:48,2026-08-11 01:27,IN_PROGRESS
Q080,L040,L005,MAINTENANCE SERVICE,14,2026-08-10 23:00,2026-08-11 02:02,COMPLETED
Q081,L047,L018,SHUTTLE SERVICE,31,2026-08-10 23:12,2026-08-11 02:37,PENDING
Q082,L054,L031,MEDICAL EMERGENCY,48,2026-08-10 23:24,2026-08-11 03:12,ASSIGNED
Q083,L061,L044,MAINTENANCE SERVICE,65,2026-08-10 23:36,2026-08-11 00:16,IN_PROGRESS
Q084,L003,L057,SHUTTLE SERVICE,82,2026-08-10 23:48,2026-08-11 00:51,COMPLETED
Q085,L010,L005,MEDICAL EMERGENCY,9,2026-08-11 00:00,2026-08-11 01:26,PENDING
Q086,L017,L018,MAINTENANCE SERVICE,26,2026-08-11 00:12,2026-08-11 02:01,ASSIGNED
Q087,L024,L031,SHUTTLE SERVICE,43,2026-08-11 00:24,2026-08-11 02:36,IN_PROGRESS
Q088,L031,L044,MEDICAL EMERGENCY,60,2026-08-11 00:36,2026-08-11 03:11,COMPLETED
Q089,L038,L057,MAINTENANCE SERVICE,77,2026-08-11 00:48,2026-08-11 03:46,PENDING
Q090,L045,L005,SHUTTLE SERVICE,4,2026-08-11 01:00,2026-08-11 04:21,ASSIGNED
Q091,L052,L018,MEDICAL EMERGENCY,21,2026-08-11 01:12,2026-08-11 04:56,IN_PROGRESS
Q092,L059,L031,MAINTENANCE SERVICE,38,2026-08-11 01:24,2026-08-11 02:00,COMPLETED
Q093,L001,L044,SHUTTLE SERVICE,55,2026-08-11 01:36,2026-08-11 02:35,PENDING
Q094,L008,L057,MEDICAL EMERGENCY,72,2026-08-11 01:48,2026-08-11 03:10,ASSIGNED
Q095,L015,L005,MAINTENANCE SERVICE,89,2026-08-11 02:00,2026-08-11 03:45,IN_PROGRESS
Q096,L022,L018,SHUTTLE SERVICE,16,2026-08-11 02:12,2026-08-11 04:20,COMPLETED
Q097,L029,L031,MEDICAL EMERGENCY,33,2026-08-11 02:24,2026-08-11 04:55,PENDING
Q098,L036,L044,MAINTENANCE SERVICE,50,2026-08-11 02:36,2026-08-11 05:30,ASSIGNED
Q099,L043,L057,SHUTTLE SERVICE,67,2026-08-11 02:48,2026-08-11 06:05,IN_PROGRESS
Q100,L050,L005,MEDICAL EMERGENCY,84,2026-08-11 03:00,2026-08-11 06:40,COMPLETED
Q101,L057,L018,MAINTENANCE SERVICE,11,2026-08-11 03:12,2026-08-11 03:44,PENDING
Q102,L064,L031,SHUTTLE SERVICE,28,2026-08-11 03:24,2026-08-11 04:19,ASSIGNED
Q103,L006,L044,MEDICAL EMERGENCY,45,2026-08-11 03:36,2026-08-11 04:54,IN_PROGRESS
Q104,L013,L057,MAINTENANCE SERVICE,62,2026-08-11 03:48,2026-08-11 05:29,COMPLETED
Q105,L020,L005,SHUTTLE SERVICE,79,2026-08-11 04:00,2026-08-11 06:04,PENDING
Q106,L027,L018,MEDICAL EMERGENCY,6,2026-08-11 04:12,2026-08-11 06:39,ASSIGNED
Q107,L034,L031,MAINTENANCE SERVICE,23,2026-08-11 04:24,2026-08-11 07:14,IN_PROGRESS
Q108,L041,L044,SHUTTLE SERVICE,40,2026-08-11 04:36,2026-08-11 07:49,COMPLETED
Q109,L048,L057,MEDICAL EMERGENCY,57,2026-08-11 04:48,2026-08-11 08:24,PENDING
Q110,L055,L005,MAINTENANCE SERVICE,74,2026-08-11 05:00,2026-08-11 08:59,ASSIGNED
Q111,L062,L018,SHUTTLE SERVICE,91,2026-08-11 05:12,2026-08-11 06:03,IN_PROGRESS
Q112,L004,L031,MEDICAL EMERGENCY,18,2026-08-11 05:24,2026-08-11 06:38,COMPLETED
Q113,L011,L044,MAINTENANCE SERVICE,35,2026-08-11 05:36,2026-08-11 07:13,PENDING
Q114,L018,L057,SHUTTLE SERVICE,52,2026-08-11 05:48,2026-08-11 07:48,ASSIGNED
Q115,L025,L005,MEDICAL EMERGENCY,69,2026-08-11 06:00,2026-08-11 08:23,IN_PROGRESS
Q116,L032,L018,MAINTENANCE SERVICE,86,2026-08-11 06:12,2026-08-11 08:58,COMPLETED
Q117,L039,L031,SHUTTLE SERVICE,13,2026-08-11 06:24,2026-08-11 09:33,PENDING
Q118,L046,L044,MEDICAL EMERGENCY,30,2026-08-11 06:36,2026-08-11 10:08,ASSIGNED
Q119,L053,L057,MAINTENANCE SERVICE,47,2026-08-11 06:48,2026-08-11 10:43,IN_PROGRESS
Q120,L060,L005,SHUTTLE SERVICE,64,2026-08-11 07:00,2026-08-11 07:47,COMPLETED
Q121,L002,L018,MEDICAL EMERGENCY,81,2026-08-11 07:12,2026-08-11 08:22,PENDING
Q122,L009,L031,MAINTENANCE SERVICE,8,2026-08-11 07:24,2026-08-11 08:57,ASSIGNED
Q123,L016,L044,SHUTTLE SERVICE,25,2026-08-11 07:36,2026-08-11 09:32,IN_PROGRESS
Q124,L023,L057,MEDICAL EMERGENCY,42,2026-08-11 07:48,2026-08-11 10:07,COMPLETED
Q125,L030,L005,MAINTENANCE SERVICE,59,2026-08-11 08:00,2026-08-11 10:42,PENDING
Q126,L037,L018,SHUTTLE SERVICE,76,2026-08-11 08:12,2026-08-11 11:17,ASSIGNED
Q127,L044,L031,MEDICAL EMERGENCY,93,2026-08-11 08:24,2026-08-11 11:52,IN_PROGRESS
Q128,L051,L044,MAINTENANCE SERVICE,20,2026-08-11 08:36,2026-08-11 12:27,COMPLETED
Q129,L058,L057,SHUTTLE SERVICE,37,2026-08-11 08:48,2026-08-11 09:31,PENDING
Q130,L065,L005,MEDICAL EMERGENCY,54,2026-08-11 09:00,2026-08-11 10:06,ASSIGNED
Q131,L007,L018,MAINTENANCE SERVICE,71,2026-08-11 09:12,2026-08-11 10:41,IN_PROGRESS
Q132,L014,L031,SHUTTLE SERVICE,88,2026-08-11 09:24,2026-08-11 11:16,COMPLETED
Q133,L021,L044,MEDICAL EMERGENCY,15,2026-08-11 09:36,2026-08-11 11:51,PENDING
Q134,L028,L057,MAINTENANCE SERVICE,32,2026-08-11 09:48,2026-08-11 12:26,ASSIGNED
Q135,L035,L005,SHUTTLE SERVICE,49,2026-08-11 10:00,2026-08-11 13:01,IN_PROGRESS
Q136,L042,L018,MEDICAL EMERGENCY,66,2026-08-11 10:12,2026-08-11 13:36,COMPLETED
Q137,L049,L031,MAINTENANCE SERVICE,83,2026-08-11 10:24,2026-08-11 14:11,PENDING
Q138,L056,L044,SHUTTLE SERVICE,10,2026-08-11 10:36,2026-08-11 11:15,ASSIGNED
Q139,L063,L057,MEDICAL EMERGENCY,27,2026-08-11 10:48,2026-08-11 11:50,IN_PROGRESS
Q140,L005,L006,MAINTENANCE SERVICE,44,2026-08-11 11:00,2026-08-11 12:25,COMPLETED
Q141,L012,L018,SHUTTLE SERVICE,61,2026-08-11 11:12,2026-08-11 13:00,PENDING
Q142,L019,L031,MEDICAL EMERGENCY,78,2026-08-11 11:24,2026-08-11 13:35,ASSIGNED
Q143,L026,L044,MAINTENANCE SERVICE,5,2026-08-11 11:36,2026-08-11 14:10,IN_PROGRESS
Q144,L033,L057,SHUTTLE SERVICE,22,2026-08-11 11:48,2026-08-11 14:45,COMPLETED
Q145,L040,L005,MEDICAL EMERGENCY,39,2026-08-11 12:00,2026-08-11 15:20,PENDING
Q146,L047,L018,MAINTENANCE SERVICE,56,2026-08-11 12:12,2026-08-11 15:55,ASSIGNED
Q147,L054,L031,SHUTTLE SERVICE,73,2026-08-11 12:24,2026-08-11 12:59,IN_PROGRESS
Q148,L061,L044,MEDICAL EMERGENCY,90,2026-08-11 12:36,2026-08-11 13:34,COMPLETED
Q149,L003,L057,MAINTENANCE SERVICE,17,2026-08-11 12:48,2026-08-11 14:09,PENDING
Q150,L010,L005,SHUTTLE SERVICE,34,2026-08-11 13:00,2026-08-11 14:44,ASSIGNED
Q151,L017,L018,MEDICAL EMERGENCY,51,2026-08-11 13:12,2026-08-11 15:19,IN_PROGRESS
Q152,L024,L031,MAINTENANCE SERVICE,68,2026-08-11 13:24,2026-08-11 15:54,COMPLETED
Q153,L031,L044,SHUTTLE SERVICE,85,2026-08-11 13:36,2026-08-11 16:29,PENDING
Q154,L038,L057,MEDICAL EMERGENCY,12,2026-08-11 13:48,2026-08-11 17:04,ASSIGNED
Q155,L045,L005,MAINTENANCE SERVICE,29,2026-08-11 14:00,2026-08-11 17:39,IN_PROGRESS
Q156,L052,L018,SHUTTLE SERVICE,46,2026-08-11 14:12,2026-08-11 14:43,COMPLETED
Q157,L059,L031,MEDICAL EMERGENCY,63,2026-08-11 14:24,2026-08-11 15:18,PENDING
Q158,L001,L044,MAINTENANCE SERVICE,80,2026-08-11 14:36,2026-08-11 15:53,ASSIGNED
Q159,L008,L057,SHUTTLE SERVICE,7,2026-08-11 14:48,2026-08-11 16:28,IN_PROGRESS
Q160,L015,L005,MEDICAL EMERGENCY,24,2026-08-11 15:00,2026-08-11 17:03,COMPLETED
Q161,L022,L018,MAINTENANCE SERVICE,41,2026-08-11 15:12,2026-08-11 17:38,PENDING
Q162,L029,L031,SHUTTLE SERVICE,58,2026-08-11 15:24,2026-08-11 18:13,ASSIGNED
Q163,L036,L044,MEDICAL EMERGENCY,75,2026-08-11 15:36,2026-08-11 18:48,IN_PROGRESS
Q164,L043,L057,MAINTENANCE SERVICE,92,2026-08-11 15:48,2026-08-11 19:23,COMPLETED
Q165,L050,L005,SHUTTLE SERVICE,19,2026-08-11 16:00,2026-08-11 19:58,PENDING
Q166,L057,L018,MEDICAL EMERGENCY,36,2026-08-11 16:12,2026-08-11 17:02,ASSIGNED
Q167,L064,L031,MAINTENANCE SERVICE,53,2026-08-11 16:24,2026-08-11 17:37,IN_PROGRESS
Q168,L006,L044,SHUTTLE SERVICE,70,2026-08-11 16:36,2026-08-11 18:12,COMPLETED
Q169,L013,L057,MEDICAL EMERGENCY,87,2026-08-11 16:48,2026-08-11 18:47,PENDING
Q170,L020,L005,MAINTENANCE SERVICE,14,2026-08-11 17:00,2026-08-11 19:22,ASSIGNED
Q171,L027,L018,SHUTTLE SERVICE,31,2026-08-11 17:12,2026-08-11 19:57,IN_PROGRESS
Q172,L034,L031,MEDICAL EMERGENCY,48,2026-08-11 17:24,2026-08-11 20:32,COMPLETED
Q173,L041,L044,MAINTENANCE SERVICE,65,2026-08-11 17:36,2026-08-11 21:07,PENDING
Q174,L048,L057,SHUTTLE SERVICE,82,2026-08-11 17:48,2026-08-11 21:42,ASSIGNED
Q175,L055,L005,MEDICAL EMERGENCY,9,2026-08-11 18:00,2026-08-11 18:46,IN_PROGRESS
Q176,L062,L018,MAINTENANCE SERVICE,26,2026-08-11 18:12,2026-08-11 19:21,COMPLETED
Q177,L004,L031,SHUTTLE SERVICE,43,2026-08-11 18:24,2026-08-11 19:56,PENDING
Q178,L011,L044,MEDICAL EMERGENCY,60,2026-08-11 18:36,2026-08-11 20:31,ASSIGNED
Q179,L018,L057,MAINTENANCE SERVICE,77,2026-08-11 18:48,2026-08-11 21:06,IN_PROGRESS
Q180,L025,L005,SHUTTLE SERVICE,4,2026-08-11 19:00,2026-08-11 21:41,COMPLETED
Q181,L032,L018,MEDICAL EMERGENCY,21,2026-08-11 19:12,2026-08-11 22:16,PENDING
Q182,L039,L031,MAINTENANCE SERVICE,38,2026-08-11 19:24,2026-08-11 22:51,ASSIGNED
Q183,L046,L044,SHUTTLE SERVICE,55,2026-08-11 19:36,2026-08-11 23:26,IN_PROGRESS
Q184,L053,L057,MEDICAL EMERGENCY,72,2026-08-11 19:48,2026-08-11 20:30,COMPLETED
Q185,L060,L005,MAINTENANCE SERVICE,89,2026-08-11 20:00,2026-08-11 21:05,PENDING
Q186,L002,L018,SHUTTLE SERVICE,16,2026-08-11 20:12,2026-08-11 21:40,ASSIGNED
Q187,L009,L031,MEDICAL EMERGENCY,33,2026-08-11 20:24,2026-08-11 22:15,IN_PROGRESS
Q188,L016,L044,MAINTENANCE SERVICE,50,2026-08-11 20:36,2026-08-11 22:50,COMPLETED
Q189,L023,L057,SHUTTLE SERVICE,67,2026-08-11 20:48,2026-08-11 23:25,PENDING
Q190,L030,L005,MEDICAL EMERGENCY,84,2026-08-11 21:00,2026-08-12 00:00,ASSIGNED
Q191,L037,L018,MAINTENANCE SERVICE,11,2026-08-11 21:12,2026-08-12 00:35,IN_PROGRESS
Q192,L044,L031,SHUTTLE SERVICE,28,2026-08-11 21:24,2026-08-12 01:10,COMPLETED
Q193,L051,L044,MEDICAL EMERGENCY,45,2026-08-11 21:36,2026-08-11 22:14,PENDING
Q194,L058,L057,MAINTENANCE SERVICE,62,2026-08-11 21:48,2026-08-11 22:49,ASSIGNED
Q195,L065,L005,SHUTTLE SERVICE,79,2026-08-11 22:00,2026-08-11 23:24,IN_PROGRESS
Q196,L007,L018,MEDICAL EMERGENCY,6,2026-08-11 22:12,2026-08-11 23:59,COMPLETED
Q197,L014,L031,MAINTENANCE SERVICE,23,2026-08-11 22:24,2026-08-12 00:34,PENDING
Q198,L021,L044,SHUTTLE SERVICE,40,2026-08-11 22:36,2026-08-12 01:09,ASSIGNED
Q199,L028,L057,MEDICAL EMERGENCY,57,2026-08-11 22:48,2026-08-12 01:44,IN_PROGRESS
Q200,L035,L005,MAINTENANCE SERVICE,74,2026-08-11 23:00,2026-08-12 02:19,COMPLETED
Q201,L042,L018,SHUTTLE SERVICE,91,2026-08-11 23:12,2026-08-12 02:54,PENDING
Q202,L049,L031,MEDICAL EMERGENCY,18,2026-08-11 23:24,2026-08-11 23:58,ASSIGNED
Q203,L056,L044,MAINTENANCE SERVICE,35,2026-08-11 23:36,2026-08-12 00:33,IN_PROGRESS
Q204,L063,L057,SHUTTLE SERVICE,52,2026-08-11 23:48,2026-08-12 01:08,COMPLETED
Q205,L005,L006,MEDICAL EMERGENCY,69,2026-08-12 00:00,2026-08-12 01:43,PENDING
Q206,L012,L018,MAINTENANCE SERVICE,86,2026-08-12 00:12,2026-08-12 02:18,ASSIGNED
Q207,L019,L031,SHUTTLE SERVICE,13,2026-08-12 00:24,2026-08-12 02:53,IN_PROGRESS
Q208,L026,L044,MEDICAL EMERGENCY,30,2026-08-12 00:36,2026-08-12 03:28,COMPLETED
Q209,L033,L057,MAINTENANCE SERVICE,47,2026-08-12 00:48,2026-08-12 04:03,PENDING
Q210,L040,L005,SHUTTLE SERVICE,64,2026-08-12 01:00,2026-08-12 04:38,ASSIGNED
Q211,L047,L018,MEDICAL EMERGENCY,81,2026-08-12 01:12,2026-08-12 01:42,IN_PROGRESS
Q212,L054,L031,MAINTENANCE SERVICE,8,2026-08-12 01:24,2026-08-12 02:17,COMPLETED
Q213,L061,L044,SHUTTLE SERVICE,25,2026-08-12 01:36,2026-08-12 02:52,PENDING
Q214,L003,L057,MEDICAL EMERGENCY,42,2026-08-12 01:48,2026-08-12 03:27,ASSIGNED
Q215,L010,L005,MAINTENANCE SERVICE,59,2026-08-12 02:00,2026-08-12 04:02,IN_PROGRESS
Q216,L017,L018,SHUTTLE SERVICE,76,2026-08-12 02:12,2026-08-12 04:37,COMPLETED
Q217,L024,L031,MEDICAL EMERGENCY,93,2026-08-12 02:24,2026-08-12 05:12,PENDING
Q218,L031,L044,MAINTENANCE SERVICE,20,2026-08-12 02:36,2026-08-12 05:47,ASSIGNED
Q219,L038,L057,SHUTTLE SERVICE,37,2026-08-12 02:48,2026-08-12 06:22,IN_PROGRESS
Q220,L045,L005,MEDICAL EMERGENCY,54,2026-08-12 03:00,2026-08-12 06:57,COMPLETED
Q221,L052,L018,MAINTENANCE SERVICE,71,2026-08-12 03:12,2026-08-12 04:01,PENDING
Q222,L059,L031,SHUTTLE SERVICE,88,2026-08-12 03:24,2026-08-12 04:36,ASSIGNED
Q223,L001,L044,MEDICAL EMERGENCY,15,2026-08-12 03:36,2026-08-12 05:11,IN_PROGRESS
Q224,L008,L057,MAINTENANCE SERVICE,32,2026-08-12 03:48,2026-08-12 05:46,COMPLETED
Q225,L015,L005,SHUTTLE SERVICE,49,2026-08-12 04:00,2026-08-12 06:21,PENDING
Q226,L022,L018,MEDICAL EMERGENCY,66,2026-08-12 04:12,2026-08-12 06:56,ASSIGNED
Q227,L029,L031,MAINTENANCE SERVICE,83,2026-08-12 04:24,2026-08-12 07:31,IN_PROGRESS
Q228,L036,L044,SHUTTLE SERVICE,10,2026-08-12 04:36,2026-08-12 08:06,COMPLETED
Q229,L043,L057,MEDICAL EMERGENCY,27,2026-08-12 04:48,2026-08-12 08:41,PENDING
Q230,L050,L005,MAINTENANCE SERVICE,44,2026-08-12 05:00,2026-08-12 05:45,ASSIGNED
Q231,L057,L018,SHUTTLE SERVICE,61,2026-08-12 05:12,2026-08-12 06:20,IN_PROGRESS
Q232,L064,L031,MEDICAL EMERGENCY,78,2026-08-12 05:24,2026-08-12 06:55,COMPLETED
Q233,L006,L044,MAINTENANCE SERVICE,5,2026-08-12 05:36,2026-08-12 07:30,PENDING
Q234,L013,L057,SHUTTLE SERVICE,22,2026-08-12 05:48,2026-08-12 08:05,ASSIGNED
Q235,L020,L005,MEDICAL EMERGENCY,39,2026-08-12 06:00,2026-08-12 08:40,IN_PROGRESS
Q236,L027,L018,MAINTENANCE SERVICE,56,2026-08-12 06:12,2026-08-12 09:15,COMPLETED
Q237,L034,L031,SHUTTLE SERVICE,73,2026-08-12 06:24,2026-08-12 09:50,PENDING
Q238,L041,L044,MEDICAL EMERGENCY,90,2026-08-12 06:36,2026-08-12 10:25,ASSIGNED
Q239,L048,L057,MAINTENANCE SERVICE,17,2026-08-12 06:48,2026-08-12 07:29,IN_PROGRESS
Q240,L055,L005,SHUTTLE SERVICE,34,2026-08-12 07:00,2026-08-12 08:04,COMPLETED
Q241,L062,L018,MEDICAL EMERGENCY,51,2026-08-12 07:12,2026-08-12 08:39,PENDING
Q242,L004,L031,MAINTENANCE SERVICE,68,2026-08-12 07:24,2026-08-12 09:14,ASSIGNED
Q243,L011,L044,SHUTTLE SERVICE,85,2026-08-12 07:36,2026-08-12 09:49,IN_PROGRESS
Q244,L018,L057,MEDICAL EMERGENCY,12,2026-08-12 07:48,2026-08-12 10:24,COMPLETED
Q245,L025,L005,MAINTENANCE SERVICE,29,2026-08-12 08:00,2026-08-12 10:59,PENDING
Q246,L032,L018,SHUTTLE SERVICE,46,2026-08-12 08:12,2026-08-12 11:34,ASSIGNED
Q247,L039,L031,MEDICAL EMERGENCY,63,2026-08-12 08:24,2026-08-12 12:09,IN_PROGRESS
Q248,L046,L044,MAINTENANCE SERVICE,80,2026-08-12 08:36,2026-08-12 09:13,COMPLETED
Q249,L053,L057,SHUTTLE SERVICE,7,2026-08-12 08:48,2026-08-12 09:48,PENDING
Q250,L060,L005,MEDICAL EMERGENCY,24,2026-08-12 09:00,2026-08-12 10:23,ASSIGNED
Q251,L002,L018,MAINTENANCE SERVICE,41,2026-08-12 09:12,2026-08-12 10:58,IN_PROGRESS
Q252,L009,L031,SHUTTLE SERVICE,58,2026-08-12 09:24,2026-08-12 11:33,COMPLETED
Q253,L016,L044,MEDICAL EMERGENCY,75,2026-08-12 09:36,2026-08-12 12:08,PENDING
Q254,L023,L057,MAINTENANCE SERVICE,92,2026-08-12 09:48,2026-08-12 12:43,ASSIGNED
Q255,L030,L005,SHUTTLE SERVICE,19,2026-08-12 10:00,2026-08-12 13:18,IN_PROGRESS
Q256,L037,L018,MEDICAL EMERGENCY,36,2026-08-12 10:12,2026-08-12 13:53,COMPLETED
Q257,L044,L031,MAINTENANCE SERVICE,53,2026-08-12 10:24,2026-08-12 10:57,PENDING
Q258,L051,L044,SHUTTLE SERVICE,70,2026-08-12 10:36,2026-08-12 11:32,ASSIGNED
Q259,L058,L057,MEDICAL EMERGENCY,87,2026-08-12 10:48,2026-08-12 12:07,IN_PROGRESS
Q260,L065,L005,MAINTENANCE SERVICE,14,2026-08-12 11:00,2026-08-12 12:42,COMPLETED
Q261,L007,L018,SHUTTLE SERVICE,31,2026-08-12 11:12,2026-08-12 13:17,PENDING
Q262,L014,L031,MEDICAL EMERGENCY,48,2026-08-12 11:24,2026-08-12 13:52,ASSIGNED
Q263,L021,L044,MAINTENANCE SERVICE,65,2026-08-12 11:36,2026-08-12 14:27,IN_PROGRESS
Q264,L028,L057,SHUTTLE SERVICE,82,2026-08-12 11:48,2026-08-12 15:02,COMPLETED
Q265,L035,L005,MEDICAL EMERGENCY,9,2026-08-12 12:00,2026-08-12 15:37,PENDING
Q266,L042,L018,MAINTENANCE SERVICE,26,2026-08-12 12:12,2026-08-12 16:12,ASSIGNED
Q267,L049,L031,SHUTTLE SERVICE,43,2026-08-12 12:24,2026-08-12 13:16,IN_PROGRESS
Q268,L056,L044,MEDICAL EMERGENCY,60,2026-08-12 12:36,2026-08-12 13:51,COMPLETED
Q269,L063,L057,MAINTENANCE SERVICE,77,2026-08-12 12:48,2026-08-12 14:26,PENDING
Q270,L005,L006,SHUTTLE SERVICE,4,2026-08-12 13:00,2026-08-12 15:01,ASSIGNED
Q271,L012,L018,MEDICAL EMERGENCY,21,2026-08-12 13:12,2026-08-12 15:36,IN_PROGRESS
Q272,L019,L031,MAINTENANCE SERVICE,38,2026-08-12 13:24,2026-08-12 16:11,COMPLETED
Q273,L026,L044,SHUTTLE SERVICE,55,2026-08-12 13:36,2026-08-12 16:46,PENDING
Q274,L033,L057,MEDICAL EMERGENCY,72,2026-08-12 13:48,2026-08-12 17:21,ASSIGNED
Q275,L040,L005,MAINTENANCE SERVICE,89,2026-08-12 14:00,2026-08-12 17:56,IN_PROGRESS
Q276,L047,L018,SHUTTLE SERVICE,16,2026-08-12 14:12,2026-08-12 15:00,COMPLETED
Q277,L054,L031,MEDICAL EMERGENCY,33,2026-08-12 14:24,2026-08-12 15:35,PENDING
Q278,L061,L044,MAINTENANCE SERVICE,50,2026-08-12 14:36,2026-08-12 16:10,ASSIGNED
Q279,L003,L057,SHUTTLE SERVICE,67,2026-08-12 14:48,2026-08-12 16:45,IN_PROGRESS
Q280,L010,L005,MEDICAL EMERGENCY,84,2026-08-12 15:00,2026-08-12 17:20,COMPLETED
Q281,L017,L018,MAINTENANCE SERVICE,11,2026-08-12 15:12,2026-08-12 17:55,PENDING
Q282,L024,L031,SHUTTLE SERVICE,28,2026-08-12 15:24,2026-08-12 18:30,ASSIGNED
Q283,L031,L044,MEDICAL EMERGENCY,45,2026-08-12 15:36,2026-08-12 19:05,IN_PROGRESS
Q284,L038,L057,MAINTENANCE SERVICE,62,2026-08-12 15:48,2026-08-12 19:40,COMPLETED
Q285,L045,L005,SHUTTLE SERVICE,79,2026-08-12 16:00,2026-08-12 16:44,PENDING
Q286,L052,L018,MEDICAL EMERGENCY,6,2026-08-12 16:12,2026-08-12 17:19,ASSIGNED
Q287,L059,L031,MAINTENANCE SERVICE,23,2026-08-12 16:24,2026-08-12 17:54,IN_PROGRESS
Q288,L001,L044,SHUTTLE SERVICE,40,2026-08-12 16:36,2026-08-12 18:29,COMPLETED
Q289,L008,L057,MEDICAL EMERGENCY,57,2026-08-12 16:48,2026-08-12 19:04,PENDING
Q290,L015,L005,MAINTENANCE SERVICE,74,2026-08-12 17:00,2026-08-12 19:39,ASSIGNED
Q291,L022,L018,SHUTTLE SERVICE,91,2026-08-12 17:12,2026-08-12 20:14,IN_PROGRESS
Q292,L029,L031,MEDICAL EMERGENCY,18,2026-08-12 17:24,2026-08-12 20:49,COMPLETED
Q293,L036,L044,MAINTENANCE SERVICE,35,2026-08-12 17:36,2026-08-12 21:24,PENDING
Q294,L043,L057,SHUTTLE SERVICE,52,2026-08-12 17:48,2026-08-12 18:28,ASSIGNED
Q295,L050,L005,MEDICAL EMERGENCY,69,2026-08-12 18:00,2026-08-12 19:03,IN_PROGRESS
Q296,L057,L018,MAINTENANCE SERVICE,86,2026-08-12 18:12,2026-08-12 19:38,COMPLETED
Q297,L064,L031,SHUTTLE SERVICE,13,2026-08-12 18:24,2026-08-12 20:13,PENDING
Q298,L006,L044,MEDICAL EMERGENCY,30,2026-08-12 18:36,2026-08-12 20:48,ASSIGNED
Q299,L013,L057,MAINTENANCE SERVICE,47,2026-08-12 18:48,2026-08-12 21:23,IN_PROGRESS
Q300,L020,L005,SHUTTLE SERVICE,64,2026-08-12 19:00,2026-08-12 21:58,COMPLETED
Q301,L027,L018,MEDICAL EMERGENCY,81,2026-08-12 19:12,2026-08-12 22:33,PENDING
Q302,L034,L031,MAINTENANCE SERVICE,8,2026-08-12 19:24,2026-08-12 23:08,ASSIGNED
Q303,L041,L044,SHUTTLE SERVICE,25,2026-08-12 19:36,2026-08-12 20:12,IN_PROGRESS
Q304,L048,L057,MEDICAL EMERGENCY,42,2026-08-12 19:48,2026-08-12 20:47,COMPLETED
Q305,L055,L005,MAINTENANCE SERVICE,59,2026-08-12 20:00,2026-08-12 21:22,PENDING
Q306,L062,L018,SHUTTLE SERVICE,76,2026-08-12 20:12,2026-08-12 21:57,ASSIGNED
Q307,L004,L031,MEDICAL EMERGENCY,93,2026-08-12 20:24,2026-08-12 22:32,IN_PROGRESS
Q308,L011,L044,MAINTENANCE SERVICE,20,2026-08-12 20:36,2026-08-12 23:07,COMPLETED
Q309,L018,L057,SHUTTLE SERVICE,37,2026-08-12 20:48,2026-08-12 23:42,PENDING
Q310,L025,L005,MEDICAL EMERGENCY,54,2026-08-12 21:00,2026-08-13 00:17,ASSIGNED
